Source File	Size	loadResources	load	generateSnapshots	load-configure	scan	loadDepInfo	loadInfo	checkR4R4B	generateNarratives	validate	loadLists	checkConformanceResources	checkConformanceResources2	checkConformanceResources3	generateLogicalMaps	validateExpressions	scanForUsageStats	checkURLsUnique	processProvenanceDetails	generate1	generate2	generateLogicals	makeDependencies	generateExampleZip	generateValidationPack	scanProfilesForR5	scanExamplesForR5
/fsh-generated/resources/ImplementationGuide-smart.who.int.pcmt-vaxprequal.json	259211	-	0	0	0	0	0	0	37	144	0	0	0	0	0	0	0	2	0	0	514	487	0	0	0	18	0	3
fsh-generated/resources/CodeSystem-PreQualDatabaseMetadata.json	2531	4	0	0	2	0	0	0	1	10	0	0	0	0	0	0	0	0	0	0	21	84	0	0	0	1	0	0
fsh-generated/resources/CodeSystem-PreQualPresentation.json	685	1	0	0	0	0	0	0	0	3	0	0	0	0	0	0	0	0	0	0	7	37	0	0	0	0	0	0
fsh-generated/resources/CodeSystem-PreQualProductIds.json	3670	3	0	0	1	0	0	0	1	6	0	0	0	0	0	0	0	0	0	0	25	54	0	0	0	1	0	0
fsh-generated/resources/CodeSystem-PreQualVaccineType.json	1347	1	0	0	0	0	0	0	0	2	0	0	0	0	0	0	0	0	0	0	10	35	0	0	0	0	0	0
fsh-generated/resources/Organization-Holder0013X00003cPkgXQAS.json	562	2	0	0	0	0	0	0	0	1007	0	0	0	0	0	0	0	0	0	0	7	10	0	0	1	0	0	0
fsh-generated/resources/Organization-Holder0013X0000498p4bQAA.json	613	1	0	0	0	0	0	0	0	1	0	0	0	0	0	0	0	0	0	0	6	3	0	0	0	0	0	0
fsh-generated/resources/Organization-Holder0013X0000498p4fQAA.json	586	0	0	0	1	0	0	0	0	1	0	0	0	0	0	0	0	0	0	0	6	4	0	0	0	0	0	0
fsh-generated/resources/Organization-Holder0013X0000498p4mQAA.json	583	1	0	0	0	0	0	0	1	1	0	0	0	0	0	0	0	0	0	0	5	3	0	0	0	0	0	0
fsh-generated/resources/Organization-Holder0013X0000498p4wQAA.json	583	1	0	0	0	0	0	0	0	1	0	0	0	0	0	0	0	0	0	0	6	3	0	0	0	0	0	0
fsh-generated/resources/Organization-Holder0013X0000498p53QAA.json	573	0	0	0	0	0	0	0	0	1	0	0	0	0	0	0	0	0	0	0	6	3	0	0	0	0	0	0
fsh-generated/resources/Organization-Holder0013X0000498p67QAA.json	592	1	0	0	0	0	0	0	0	0	0	0	0	0	0	0	0	0	0	0	5	3	0	0	0	0	0	0
fsh-generated/resources/Organization-Holder0013X00004993qyQAA.json	574	1	0	0	0	0	0	0	0	1	0	0	0	0	0	0	0	0	0	0	6	4	0	0	0	0	0	0
fsh-generated/resources/Organization-Manufacturer0013X00003cPkzfQAC.json	566	1	0	0	1	0	0	0	0	3	0	0	0	0	0	0	0	0	0	0	6	3	0	0	0	0	0	0
fsh-generated/resources/Organization-Manufacturer0013X0000498p2jQAA.json	607	1	0	0	0	0	0	0	0	1	0	0	0	0	0	0	0	0	0	0	6	3	0	0	0	0	0	0
fsh-generated/resources/Organization-Manufacturer0013X0000498p2qQAA.json	590	1	0	0	0	0	0	0	0	1	0	0	0	0	0	0	0	0	0	0	6	3	0	0	0	0	0	0
fsh-generated/resources/Organization-Manufacturer0013X0000498p2wQAA.json	585	1	0	0	0	0	0	0	0	1	0	0	0	0	0	0	0	0	0	0	6	3	0	0	0	0	0	0
fsh-generated/resources/Organization-Manufacturer0013X0000498p3PQAQ.json	559	1	0	0	0	0	0	0	0	1	0	0	0	0	0	0	0	0	0	0	5	3	0	0	0	0	0	0
fsh-generated/resources/Organization-Manufacturer0013X0000498p3ZQAQ.json	565	1	0	0	0	0	0	0	0	0	0	0	0	0	0	0	0	0	0	0	6	3	0	0	0	0	0	0
fsh-generated/resources/Organization-Manufacturer0013X0000498p3gQAA.json	572	1	0	0	0	0	0	0	0	1	0	0	0	0	0	0	0	0	0	0	6	3	0	0	0	0	0	0
fsh-generated/resources/Organization-Manufacturer0013X0000498p4LQAQ.json	592	1	0	0	1	0	0	0	0	1	0	0	0	0	0	0	0	0	0	0	6	3	0	0	0	0	0	0
fsh-generated/resources/Organization-Manufacturer0013X0000498p4ZQAQ.json	568	1	0	0	0	0	0	0	1	1	0	0	0	0	0	0	0	0	0	0	5	3	0	0	0	0	0	0
fsh-generated/resources/Organization-Manufacturer0013X00004993qnQAA.json	559	1	0	0	0	0	0	0	0	0	0	0	0	0	0	0	0	0	0	0	6	3	0	0	0	0	0	0
fsh-generated/resources/Organization-Manufacturer0013X000049bJ9SQAU.json	573	0	0	0	0	0	0	0	0	1	0	0	0	0	0	0	0	0	0	0	6	3	0	0	0	0	0	0
fsh-generated/resources/StructureDefinition-FinishedVaccineProducts.json	21423	7	0	24	0	0	0	1	0	120	0	0	1	0	0	0	0	1	0	0	263	842	0	0	0	5	1	1
fsh-generated/resources/StructureDefinition-PreQualBulkSupplier.json	1897	2	0	13	1	0	0	0	0	11	0	0	0	0	0	0	0	0	0	0	32	83	0	0	0	0	0	0
fsh-generated/resources/StructureDefinition-PreQualDocumentDetail.json	3289	2	0	6	0	0	0	0	0	8	0	0	0	0	0	0	0	0	0	0	49	82	0	0	0	1	0	0
fsh-generated/resources/StructureDefinition-PreQualManufacturer.json	4819	2	0	9	0	0	0	0	0	11	0	0	0	0	0	0	0	0	0	0	72	93	0	0	0	2	0	0
fsh-generated/resources/StructureDefinition-PreQualNRA.json	3112	2	0	5	0	0	0	0	0	7	0	0	0	0	0	0	0	0	0	0	43	74	0	0	0	1	0	0
fsh-generated/resources/StructureDefinition-PreQualProductIngredient.json	3415	2	0	5	1	0	0	0	0	8	0	0	0	0	0	0	0	1	0	0	50	70	0	0	0	1	0	0
fsh-generated/resources/StructureDefinition-PreQualProductPackaging.json	5461	2	0	7	0	0	0	0	0	12	0	0	0	0	0	0	0	0	0	0	79	86	0	0	0	2	0	0
fsh-generated/resources/StructureDefinition-PreQualSiteDetail.json	4140	3	0	7	0	0	0	0	0	9	0	0	0	0	0	0	0	0	0	0	60	76	0	0	0	2	0	0
fsh-generated/resources/StructureDefinition-PreQualVaccine.json	2474	1	0	4	1	0	0	0	0	6	0	0	0	0	0	0	0	0	0	0	35	61	0	0	0	0	0	0
fsh-generated/resources/ValueSet-PreQualDatabaseMetadata.json	493	1	0	0	0	0	0	0	0	136	0	0	0	0	0	1	0	0	0	0	6	205	0	0	0	1	0	0
fsh-generated/resources/ValueSet-PreQualPresentation.json	446	1	0	0	0	0	0	0	0	3	0	0	0	0	0	0	0	0	0	0	5	65	0	0	0	0	0	0
fsh-generated/resources/ValueSet-PreQualProductIds.json	451	0	0	0	0	0	0	0	0	2	0	0	0	0	0	0	0	0	0	0	6	34	0	0	0	0	0	0
fsh-generated/resources/ValueSet-PreQualVaccineType.json	440	1	0	0	1	0	0	0	0	2	0	0	0	0	0	0	0	0	0	0	6	30	0	0	0	0	0	0
/fsh-generated/resources/Binary-PreQualBulkSupplier0013X0000498p3IQAQ.json	252	-	0	0	0	0	0	0	0	1	0	0	0	0	0	0	0	0	0	0	3	3	0	0	0	0	0	0
/fsh-generated/resources/Binary-PreQualDocument069NN000005lDwoYAE.json	396	-	1	0	0	0	0	0	0	0	0	0	0	0	0	0	0	0	0	0	4	2	0	0	0	0	0	0
/fsh-generated/resources/Binary-PreQualDocument069NN000005lDn4YAE.json	396	-	0	0	0	0	0	0	0	0	0	0	0	0	0	0	0	0	0	0	4	2	0	0	0	0	0	0
/fsh-generated/resources/Binary-PreQualDocument069NN000005iAiPYAU.json	429	-	0	0	0	0	0	0	0	0	0	0	0	0	0	0	0	0	0	0	4	3	0	0	0	0	0	0
/fsh-generated/resources/Binary-PreQualDocument069NN000005i8GuYAI.json	434	-	0	0	0	0	0	0	0	0	0	0	0	0	0	0	0	0	0	0	3	2	0	0	0	0	0	0
/fsh-generated/resources/Binary-PreQualDocument069NN000005iJTxYAM.json	433	-	0	0	0	0	0	0	0	0	0	0	0	0	0	0	0	0	0	0	4	2	0	0	0	0	0	0
/fsh-generated/resources/Binary-PreQualDocument069NN000005hvDPYAY.json	430	-	0	0	0	0	0	0	0	0	0	0	0	0	0	0	0	0	0	0	5	2	0	0	0	0	0	0
/fsh-generated/resources/Binary-PreQualDocument069NN000005i48IYAQ.json	431	-	0	0	0	0	0	0	0	0	0	0	0	0	0	0	0	0	0	0	4	2	0	0	0	0	0	0
/fsh-generated/resources/Binary-PreQualDocument069NN000005i1dXYAQ.json	432	-	0	0	0	0	0	0	1	0	0	0	0	0	0	0	0	0	0	0	4	3	0	0	0	0	0	0
/fsh-generated/resources/Binary-PreQualDocument069NN000005i0W8YAI.json	432	-	0	0	0	0	0	0	0	0	0	0	0	0	0	0	0	0	0	0	4	2	0	0	0	0	0	0
/fsh-generated/resources/Binary-PreQualDocument069NN000005i60aYAA.json	403	-	0	0	0	0	0	0	0	0	0	0	0	0	0	0	0	0	0	0	3	2	0	0	0	0	0	0
/fsh-generated/resources/Binary-PreQualDocument069NN000005iGHVYA2.json	404	-	0	0	0	0	0	0	0	0	0	0	0	0	0	0	0	0	0	0	4	2	0	0	0	0	0	0
/fsh-generated/resources/Binary-PreQualDocument069NN000005iLDxYAM.json	406	-	0	0	0	0	0	0	0	0	0	0	0	0	0	0	0	0	0	0	4	2	0	0	0	0	0	0
/fsh-generated/resources/Binary-PreQualDocument069NN000005iJyYYAU.json	408	-	0	0	0	0	0	0	0	0	0	0	0	0	0	0	0	0	0	0	4	2	0	0	0	0	0	0
/fsh-generated/resources/Binary-PreQualDocument069NN000005iGB5YAM.json	408	-	0	0	0	0	0	0	0	0	0	0	0	0	0	0	0	0	0	0	4	2	0	0	0	0	0	0
/fsh-generated/resources/Binary-PreQualDocument069NN000005iK8HYAU.json	411	-	0	0	0	0	0	0	0	0	0	0	0	0	0	0	0	0	0	0	3	2	0	0	0	0	0	0
/fsh-generated/resources/Binary-PreQualDocument069NN000005iLkDYAU.json	409	-	0	0	0	0	0	0	0	0	0	0	0	0	0	0	0	0	0	0	4	2	0	0	0	0	0	0
/fsh-generated/resources/Binary-PreQualDocument069NN000005iGiyYAE.json	409	-	0	0	0	0	0	0	0	0	0	0	0	0	0	0	0	0	0	0	3	2	0	0	0	0	0	0
/fsh-generated/resources/Binary-PreQualDocument069NN000005iKkwYAE.json	410	-	0	0	0	0	0	0	0	0	0	0	0	0	0	0	0	0	0	0	4	1	0	0	0	0	0	0
/fsh-generated/resources/Binary-PreQualDocument069NN000005iA7QYAU.json	419	-	0	0	0	0	0	0	0	0	0	0	0	0	0	0	0	0	0	0	3	2	0	0	0	0	0	0
/fsh-generated/resources/Binary-PreQualDocument069NN000005kErVYAU.json	408	-	0	0	0	0	0	0	0	0	0	0	0	0	0	0	0	0	0	0	4	2	0	0	0	0	0	0
/fsh-generated/resources/Binary-PreQualDocument069NN000005kGJsYAM.json	412	-	0	0	0	0	0	0	0	0	0	0	0	0	0	0	0	0	0	0	4	2	0	0	0	0	0	0
/fsh-generated/resources/Binary-PreQualDocument069NN000005hpfqYAA.json	404	-	0	0	0	0	0	0	0	0	0	0	0	0	0	0	0	0	0	0	3	2	0	0	0	0	0	0
/fsh-generated/resources/Binary-PreQualDocument069NN000005hxOcYAI.json	410	-	0	0	1	0	0	0	0	0	0	0	0	0	0	0	0	0	0	0	4	2	0	0	0	0	0	0
/fsh-generated/resources/Binary-PreQualDocument069NN000005hsVMYAY.json	404	-	0	0	0	0	0	0	0	0	0	0	0	0	0	0	0	0	0	0	3	2	0	0	0	0	0	0
/fsh-generated/resources/Binary-PreQualDocument069NN000005i2svYAA.json	406	-	0	0	0	0	0	0	0	1	0	0	0	0	0	0	0	0	0	0	4	2	0	0	0	0	0	0
/fsh-generated/resources/Binary-PreQualDocument069NN000005i57cYAA.json	406	-	0	0	0	0	0	0	0	0	0	0	0	0	0	0	0	0	0	0	3	2	0	0	0	0	0	0
/fsh-generated/resources/Binary-PreQualDocument069NN000005i0uTYAQ.json	406	-	0	0	0	0	0	0	0	0	0	0	0	0	0	0	0	0	0	0	3	2	0	0	0	0	0	0
/fsh-generated/resources/Binary-PreQualDocument069NN000005i5QyYAI.json	415	-	0	0	0	0	0	0	0	0	0	0	0	0	0	0	0	0	0	0	4	1	0	0	0	0	0	0
/fsh-generated/resources/Binary-PreQualDocument069NN000005i2ZZYAY.json	416	-	0	0	0	0	0	0	0	0	0	0	0	0	0	0	0	0	0	0	3	2	0	0	0	0	0	0
/fsh-generated/resources/Binary-PreQualDocument069NN000005i5aeYAA.json	415	-	0	0	0	0	0	0	0	0	0	0	0	0	0	0	0	0	0	0	3	2	0	0	0	0	0	0
/fsh-generated/resources/Binary-PreQualDocument069NN000005i0XuYAI.json	411	-	0	0	0	0	0	0	0	0	0	0	0	0	0	0	0	0	0	0	4	2	0	0	0	0	0	0
/fsh-generated/resources/Binary-PreQualDocument069NN000005i1VTYAY.json	411	-	0	0	0	0	0	0	0	0	0	0	0	0	0	0	0	0	0	0	3	2	0	0	0	0	0	0
/fsh-generated/resources/Binary-PreQualDocument069NN000005hziIYAQ.json	412	-	0	0	0	0	0	0	0	0	0	0	0	0	0	0	0	0	0	0	4	2	0	0	0	0	0	0
/fsh-generated/resources/Binary-PreQualDocument069NN000005i2JVYAY.json	412	-	0	0	0	0	0	0	0	0	0	0	0	0	0	0	0	0	0	0	3	2	0	0	0	0	0	0
/fsh-generated/resources/Binary-PreQualDocument069NN000005i7PWYAY.json	403	-	0	0	0	0	0	0	0	0	0	0	0	0	0	0	0	0	0	0	3	1	0	0	0	0	0	0
/fsh-generated/resources/Binary-PreQualDocument069NN000005hyzMYAQ.json	403	-	0	0	0	0	0	0	0	0	0	0	0	0	0	0	0	0	0	0	4	2	0	0	0	0	0	0
/fsh-generated/resources/Binary-PreQualDocument069NN000005i51DYAQ.json	400	-	0	0	0	0	0	0	0	0	0	0	0	0	0	0	0	0	0	0	4	2	0	0	0	0	0	0
/fsh-generated/resources/Binary-PreQualDocument069NN000005i9hYYAQ.json	400	-	0	0	0	0	0	0	0	0	0	0	0	0	0	0	0	0	0	0	4	2	0	0	0	0	0	0
/fsh-generated/resources/Binary-PreQualDocument069NN000005iAAVYA2.json	400	-	0	0	0	0	0	0	0	0	0	0	0	0	0	0	0	0	0	0	3	2	0	0	0	0	0	0
/fsh-generated/resources/Binary-PreQualDocument069NN000005i4mgYAA.json	403	-	0	0	0	0	0	0	0	0	0	0	0	0	0	0	0	0	0	0	4	1	0	0	0	0	0	0
/fsh-generated/resources/Binary-PreQualDocument069NN000005kJG6YAM.json	419	-	0	0	1	0	0	0	0	0	0	0	0	0	0	0	0	0	0	0	4	2	0	0	0	0	0	0
/fsh-generated/resources/Binary-PreQualDocument069NN000005hzzuYAA.json	428	-	0	0	0	0	0	0	0	0	0	0	0	0	0	0	0	0	0	0	3	2	0	0	0	0	0	0
/fsh-generated/resources/Binary-PreQualDocument069NN000005i287YAA.json	396	-	0	0	0	0	0	0	0	0	0	0	0	0	0	0	0	0	0	0	4	2	0	0	0	0	0	0
/fsh-generated/resources/Binary-PreQualDocument069NN000005iFy9YAE.json	409	-	0	0	0	0	0	0	0	0	0	0	0	0	0	0	0	0	0	0	3	2	0	0	0	0	0	0
/fsh-generated/resources/Binary-PreQualDocument069NN000005iC2hYAE.json	409	-	0	0	0	0	0	0	1	0	0	0	0	0	0	0	0	0	0	0	3	2	0	0	0	0	0	0
/fsh-generated/resources/Binary-PreQualDocument069NN000005iHaBYAU.json	408	-	0	0	0	0	0	0	0	0	0	0	0	0	0	0	0	0	0	0	3	2	0	0	0	0	0	0
/fsh-generated/resources/Binary-PreQualDocument069NN000005iKMmYAM.json	417	-	0	0	0	0	0	0	0	0	0	0	0	0	0	0	0	0	0	0	3	2	0	0	0	0	0	0
/fsh-generated/resources/Binary-PreQualDocument069NN000005iHf1YAE.json	417	-	0	0	0	0	0	0	0	0	0	0	0	0	0	0	0	0	0	0	4	1	0	0	0	0	0	0
/fsh-generated/resources/Binary-PreQualDocument069NN000005iDEtYAM.json	419	-	0	0	0	0	0	0	0	0	0	0	0	0	0	0	0	0	0	0	3	2	0	0	0	0	0	0
/fsh-generated/resources/Binary-PreQualDocument069NN000005iLInYAM.json	419	-	0	0	0	0	0	0	0	0	0	0	0	0	0	0	0	0	0	0	3	2	0	0	0	0	0	0
/fsh-generated/resources/Binary-PreQualDocument069NN000005iKrOYAU.json	420	-	0	0	0	0	0	0	0	1	0	0	0	0	0	0	0	0	0	0	3	2	0	0	0	0	0	0
/fsh-generated/resources/Binary-PreQualDocument069NN000005iL9AYAU.json	420	-	0	0	0	0	0	0	0	0	0	0	0	0	0	0	0	0	0	0	4	2	0	0	0	0	0	0
/fsh-generated/resources/Binary-PreQualDocument069NN000005iCqdYAE.json	420	-	0	0	0	0	0	0	0	0	0	0	0	0	0	0	0	0	0	0	4	2	0	0	0	0	0	0
/fsh-generated/resources/Binary-PreQualDocument069NN000005iLQxYAM.json	420	-	0	0	0	0	0	0	0	0	0	0	0	0	0	0	0	0	0	0	4	1	0	0	0	0	0	0
/fsh-generated/resources/Binary-PreQualDocument069NN000005iGEMYA2.json	422	-	0	0	0	0	0	0	0	0	0	0	0	0	0	0	0	0	0	0	3	2	0	0	0	0	0	0
/fsh-generated/resources/Binary-PreQualDocument069NN000005iJiVYAU.json	422	-	0	0	0	0	0	0	0	0	0	0	0	0	0	0	0	0	0	0	3	2	0	0	0	0	0	0
/fsh-generated/resources/Binary-PreQualDocument069NN000005iLcCYAU.json	422	-	0	0	0	0	0	0	0	0	0	0	0	0	0	0	0	0	0	0	4	2	0	0	0	0	0	0
/fsh-generated/resources/Binary-PreQualDocument069NN000005iIUfYAM.json	422	-	0	0	0	0	0	0	0	0	0	0	0	0	0	0	0	0	0	0	3	2	0	0	0	0	0	0
/fsh-generated/resources/Binary-PreQualDocument069NN000005iK6fYAE.json	422	-	0	0	0	0	0	0	0	0	0	0	0	0	0	0	0	0	0	0	3	2	0	0	0	0	0	0
/fsh-generated/resources/Binary-PreQualDocument069NN000005iLnTYAU.json	424	-	0	0	0	0	0	0	0	0	0	0	0	0	0	0	0	0	0	0	3	1	0	0	0	0	0	0
/fsh-generated/resources/Binary-PreQualDocument069NN000005kEQ6YAM.json	406	-	0	0	0	0	0	0	0	0	0	0	0	0	0	0	0	0	0	0	3	2	0	0	0	0	0	0
/fsh-generated/resources/Binary-PreQualDocument069NN000005kHUSYA2.json	407	-	0	1	0	0	0	0	0	0	0	0	0	0	0	0	0	0	0	0	4	2	0	0	0	0	0	0
/fsh-generated/resources/Binary-PreQualDocument069NN000005kJhVYAU.json	407	-	0	0	0	0	0	0	0	0	0	0	0	0	0	0	0	0	0	0	2	2	0	0	0	0	0	0
/fsh-generated/resources/Binary-PreQualDocument069NN000005knsbYAA.json	400	-	0	0	0	0	0	0	0	0	0	0	0	1	0	0	0	0	0	0	4	2	0	0	0	0	0	0
/fsh-generated/resources/Binary-PreQualDocument069NN000005hx6rYAA.json	404	-	0	0	0	0	0	0	0	0	0	0	0	0	0	0	0	0	0	0	4	2	0	0	0	0	0	0
/fsh-generated/resources/Binary-PreQualDocument069NN000005i3fGYAQ.json	421	-	0	0	0	0	0	0	0	0	0	0	0	0	0	0	0	0	0	0	3	2	0	0	0	0	0	0
/fsh-generated/resources/Binary-PreQualDocument069NN000005i3IgYAI.json	407	-	0	0	1	0	0	0	0	0	0	0	0	0	0	0	0	0	0	0	3	1	0	0	0	0	0	0
/fsh-generated/resources/Binary-PreQualDocument069NN000005i24tYAA.json	406	-	0	0	0	0	0	0	0	0	0	0	0	0	0	0	0	0	0	0	4	2	0	0	0	0	0	0
/fsh-generated/resources/Binary-PreQualDocument069NN000005i2OIYAY.json	406	-	0	0	0	0	0	0	0	0	0	0	0	0	0	0	0	0	0	0	3	2	0	0	0	0	0	0
/fsh-generated/resources/Binary-PreQualDocument069NN000005i4hmYAA.json	406	-	0	0	0	0	0	0	0	0	0	0	0	0	0	0	0	0	0	0	3	2	0	0	0	0	0	0
/fsh-generated/resources/Binary-PreQualDocument069NN000005i6DJYAY.json	411	-	0	0	0	0	0	0	0	0	0	0	0	0	0	0	0	0	0	0	3	2	0	0	0	0	0	0
/fsh-generated/resources/Binary-PreQualDocument069NN000005i2jEYAQ.json	411	-	0	0	0	0	0	0	0	0	0	0	0	0	0	0	0	0	0	0	4	2	0	0	0	0	0	0
/fsh-generated/resources/Binary-PreQualDocument069NN000005hwyuYAA.json	413	-	0	0	0	0	0	0	0	0	0	0	0	0	0	0	0	0	0	0	3	1	0	0	0	0	0	0
/fsh-generated/resources/Binary-PreQualDocument069NN000005i4mdYAA.json	413	-	0	0	0	0	0	0	0	0	0	0	0	0	0	0	0	0	0	0	3	2	0	0	0	0	0	0
/fsh-generated/resources/Binary-PreQualDocument069NN000005i2XxYAI.json	415	-	0	0	0	0	0	0	0	0	0	0	0	0	0	0	0	0	0	0	3	2	0	0	0	0	0	0
/fsh-generated/resources/Binary-PreQualDocument069NN000005huyhYAA.json	408	-	0	0	0	0	0	0	0	0	0	0	0	0	0	0	0	0	0	0	3	2	0	0	0	0	0	0
/fsh-generated/resources/Binary-PreQualDocument069NN000005i1nFYAQ.json	408	-	0	0	0	0	0	0	0	1	0	0	0	0	0	0	0	0	0	0	2	1	0	0	0	0	0	0
/fsh-generated/resources/Binary-PreQualDocument069NN000005i9CoYAI.json	407	-	0	0	0	0	0	0	0	0	0	0	0	0	0	0	0	0	0	0	3	2	0	0	0	0	0	0
/fsh-generated/resources/Binary-PreQualDocument069NN000005i0HgYAI.json	407	-	0	0	0	0	0	0	0	0	0	0	0	0	0	0	0	0	0	0	3	2	0	0	0	0	0	0
/fsh-generated/resources/Binary-PreQualDocument069NN000005i5CfYAI.json	390	-	0	0	0	0	0	0	0	0	0	0	0	0	0	0	0	0	0	0	3	2	0	0	0	0	0	0
/fsh-generated/resources/Binary-PreQualDocument069NN000005iAIXYA2.json	390	-	0	0	0	0	0	0	0	0	0	0	0	0	0	0	0	0	0	0	3	2	0	0	0	0	0	0
/fsh-generated/resources/Binary-PreQualDocument069NN000005i65LYAQ.json	390	-	0	0	0	0	0	0	1	0	0	0	0	0	0	0	0	0	0	0	2	2	0	0	0	0	0	0
/fsh-generated/resources/Binary-PreQualDocument069NN000005i0mQYAQ.json	407	-	0	0	0	0	0	0	0	0	0	0	0	0	0	0	0	0	0	0	4	2	0	0	0	0	0	0
/fsh-generated/resources/Binary-PreQualDocument069NN000005iFlFYAU.json	396	-	0	0	0	0	0	0	0	0	0	0	0	0	0	0	0	0	0	0	3	2	0	0	0	0	0	0
/fsh-generated/resources/Binary-PreQualDocument069NN000005i8GtYAI.json	397	-	0	0	0	0	0	0	0	0	0	0	0	0	0	0	0	0	0	0	3	2	0	0	0	0	0	0
/fsh-generated/resources/Binary-PreQualDocument069NN000005iJ7LYAU.json	399	-	0	0	0	0	0	0	0	0	0	0	0	0	0	0	0	0	0	0	3	2	0	0	0	0	0	0
/fsh-generated/resources/Binary-PreQualDocument069NN000005iKxrYAE.json	401	-	0	0	0	0	0	0	0	0	0	0	0	0	0	0	0	0	0	0	2	2	0	0	1	0	0	0
/fsh-generated/resources/Binary-PreQualDocument069NN000005iH8nYAE.json	401	-	0	0	0	0	0	0	0	0	0	0	0	0	0	0	0	0	0	0	3	2	0	0	0	0	0	0
/fsh-generated/resources/Binary-PreQualDocument069NN000005iKWQYA2.json	404	-	0	0	1	0	0	0	0	0	0	0	0	0	0	0	0	0	0	0	3	1	0	0	0	0	0	0
/fsh-generated/resources/Binary-PreQualDocument069NN000005iEvgYAE.json	402	-	0	0	0	0	0	0	0	0	0	0	0	0	0	0	0	0	0	0	3	2	0	0	0	0	0	0
/fsh-generated/resources/Binary-PreQualDocument069NN000005iKRaYAM.json	402	-	0	0	0	0	0	0	0	0	0	0	0	0	0	0	0	0	0	0	3	2	0	0	0	0	0	0
/fsh-generated/resources/Binary-PreQualDocument069NN000005iKTCYA2.json	403	-	0	0	0	0	0	0	0	0	0	0	0	0	0	0	0	0	0	0	3	2	0	0	0	0	0	0
/fsh-generated/resources/Binary-PreQualDocument069NN000005iLQyYAM.json	412	-	0	0	0	0	0	0	0	0	0	0	0	0	0	0	0	0	0	0	3	2	0	0	0	0	0	0
/fsh-generated/resources/Binary-PreQualDocument069NN000005kEZlYAM.json	401	-	0	0	0	0	0	0	0	0	0	0	0	0	0	0	0	0	0	0	3	2	0	0	0	0	0	0
/fsh-generated/resources/Binary-PreQualDocument069NN000005kFnaYAE.json	405	-	0	0	0	0	0	0	0	0	0	0	0	0	0	0	0	0	0	0	3	1	0	0	0	0	0	0
/fsh-generated/resources/Binary-PreQualDocument069NN000005huAeYAI.json	397	-	0	0	0	0	0	0	0	0	0	0	0	0	0	0	0	0	0	0	3	2	0	0	0	0	0	0
/fsh-generated/resources/Binary-PreQualDocument069NN000005hwh7YAA.json	403	-	0	0	0	0	0	0	0	0	0	0	0	0	0	0	0	0	0	0	2	2	0	0	0	0	0	0
/fsh-generated/resources/Binary-PreQualDocument069NN000005hykYYAQ.json	397	-	0	0	0	0	0	0	0	0	0	0	0	0	0	0	0	0	0	0	3	1	0	0	0	0	0	0
/fsh-generated/resources/Binary-PreQualDocument069NN000005i4HzYAI.json	399	-	0	0	0	0	0	0	0	0	0	0	0	0	0	0	0	0	0	0	3	2	0	0	0	0	0	0
/fsh-generated/resources/Binary-PreQualDocument069NN000005hzTfYAI.json	399	-	0	0	0	0	0	0	0	0	0	0	0	0	0	0	0	0	0	0	3	2	0	0	0	0	0	0
/fsh-generated/resources/Binary-PreQualDocument069NN000005hzjwYAA.json	399	-	0	0	0	0	0	0	0	0	0	0	0	0	0	0	0	0	0	0	3	2	0	0	0	0	0	0
/fsh-generated/resources/Binary-PreQualDocument069NN000005hyvmYAA.json	408	-	0	0	0	0	0	0	0	1	0	0	0	0	0	0	0	0	0	0	2	2	0	0	0	0	0	0
/fsh-generated/resources/Binary-PreQualDocument069NN000005i3AhYAI.json	409	-	0	0	0	0	0	0	0	0	0	0	0	0	0	0	0	0	0	0	3	1	0	0	0	0	0	0
/fsh-generated/resources/Binary-PreQualDocument069NN000005i873YAA.json	404	-	0	0	0	0	0	0	0	0	0	0	0	0	0	0	0	0	0	0	3	2	0	0	0	0	0	0
/fsh-generated/resources/Binary-PreQualDocument069NN000005i4umYAA.json	404	-	0	0	0	0	0	0	0	0	0	0	0	0	0	0	0	0	0	0	3	2	0	0	0	0	0	0
/fsh-generated/resources/Binary-PreQualDocument069NN000005i1aFYAQ.json	396	-	0	0	0	0	0	0	0	0	0	0	0	0	0	0	0	0	0	0	4	2	0	0	0	0	0	0
/fsh-generated/resources/Binary-PreQualDocument069NN000005i5igYAA.json	396	-	0	0	0	0	0	0	0	0	0	0	0	0	0	0	0	0	0	0	3	1	0	0	0	0	0	0
/fsh-generated/resources/Binary-PreQualDocument069NN000005i55zYAA.json	393	-	0	0	0	0	0	0	0	0	0	0	0	0	0	0	0	0	0	0	2	2	0	0	0	0	0	0
/fsh-generated/resources/Binary-PreQualDocument069NN000005i4gCYAQ.json	393	-	0	0	1	0	0	0	0	0	0	0	0	0	0	0	0	0	0	0	3	2	0	0	0	0	0	0
/fsh-generated/resources/Binary-PreQualDocument069NN000005i5UHYAY.json	396	-	0	0	0	0	0	0	0	0	0	0	0	0	0	0	0	0	0	0	2	2	0	0	0	0	0	0
/fsh-generated/resources/Binary-PreQualDocument069NN000005i5XUYAY.json	396	-	0	0	0	0	0	0	0	0	0	0	0	0	0	0	0	0	0	0	3	2	0	0	0	0	0	0
/fsh-generated/resources/Binary-PreQualDocument069NN000005kEI2YAM.json	436	-	0	0	0	0	0	0	0	0	0	0	0	0	0	0	0	0	0	0	2	1	0	0	0	0	0	0
/fsh-generated/resources/Binary-PreQualIngredienta3K3X000006MihuUACIng1.json	222	-	0	0	0	0	0	0	0	0	0	0	0	0	0	0	0	0	0	0	3	2	0	0	0	0	0	0
/fsh-generated/resources/Binary-PreQualIngredienta3K3X000006MihvUACIng1.json	222	-	0	0	0	0	0	0	0	0	0	0	0	0	0	0	0	0	0	0	2	2	0	0	0	0	0	0
/fsh-generated/resources/Binary-PreQualIngredienta3K3X000006MihwUACIng1.json	222	-	0	0	0	0	0	0	0	0	0	0	0	0	0	0	0	0	0	0	2	2	0	0	0	0	0	0
/fsh-generated/resources/Binary-PreQualIngredienta3K3X000006MihxUACIng1.json	222	-	0	0	0	0	0	0	0	0	0	0	0	0	0	0	0	0	0	0	2	1	0	0	0	0	0	0
/fsh-generated/resources/Binary-PreQualIngredienta3K3X000006MihxUACIng2.json	206	-	0	0	0	0	0	0	0	0	0	0	0	0	0	0	0	0	0	0	3	2	0	0	0	0	0	0
/fsh-generated/resources/Binary-PreQualIngredienta3K3X000006MihyUACIng1.json	221	-	0	0	0	0	0	0	0	0	0	0	0	0	0	0	0	0	0	0	2	2	0	0	0	0	0	0
/fsh-generated/resources/Binary-PreQualIngredienta3K3X000006MihyUACIng2.json	206	-	0	0	0	0	0	0	1	0	0	0	0	0	0	0	0	0	0	0	2	2	0	0	0	0	0	0
/fsh-generated/resources/Binary-PreQualIngredienta3K3X000006Mii0UACIng1.json	207	-	0	0	0	0	0	0	0	0	0	0	0	0	0	0	0	0	0	0	3	1	0	0	0	0	0	0
/fsh-generated/resources/Binary-PreQualIngredienta3K3X000006Mii0UACIng2.json	206	-	0	0	0	0	0	0	0	0	0	0	0	0	0	0	0	0	0	0	3	2	0	0	0	0	0	0
/fsh-generated/resources/Binary-PreQualIngredienta3K3X000006Mii0UACIng3.json	206	-	0	0	0	0	0	0	0	1	0	0	0	0	0	0	0	0	0	0	3	2	0	0	0	0	0	0
/fsh-generated/resources/Binary-PreQualIngredienta3K3X000006Mii0UACIng4.json	206	-	0	0	0	0	0	0	0	0	0	0	0	0	0	0	0	0	0	0	2	1	0	0	0	0	0	0
/fsh-generated/resources/Binary-PreQualIngredienta3K3X000006Mii1UACIng1.json	225	-	0	0	0	0	0	0	0	0	0	0	0	0	0	0	0	0	0	0	2	2	0	0	0	0	0	0
/fsh-generated/resources/Binary-PreQualIngredienta3K3X000006Mii1UACIng2.json	206	-	0	0	0	0	0	0	0	0	0	0	0	0	0	0	0	0	0	0	2	2	0	0	0	0	0	0
/fsh-generated/resources/Binary-PreQualIngredienta3K3X000006Mii2UACIng1.json	225	-	0	0	0	0	0	0	0	0	0	0	0	0	0	0	0	0	0	0	3	2	0	0	0	0	0	0
/fsh-generated/resources/Binary-PreQualIngredienta3K3X000006Mii2UACIng2.json	206	-	0	0	0	0	0	0	0	0	0	0	0	0	0	0	0	0	0	0	2	2	0	0	0	0	0	0
/fsh-generated/resources/Binary-PreQualIngredienta3K3X000006Mii3UACIng1.json	221	-	0	0	0	0	0	0	0	0	0	0	0	0	0	0	0	0	0	0	3	2	0	0	0	0	0	0
/fsh-generated/resources/Binary-PreQualIngredienta3K3X000006Mii3UACIng2.json	206	-	0	0	1	0	0	0	0	0	0	0	0	0	0	0	0	0	0	0	3	2	0	0	0	0	0	0
/fsh-generated/resources/Binary-PreQualIngredienta3K3X000006Mii3UACIng3.json	206	-	0	0	0	0	0	1	0	0	0	0	0	0	0	0	0	0	0	0	3	1	0	0	0	0	0	0
/fsh-generated/resources/Binary-PreQualIngredienta3K3X000006Mii5UACIng1.json	206	-	0	0	0	0	0	0	0	0	0	0	0	0	0	0	0	0	0	0	2	2	0	0	0	0	0	0
/fsh-generated/resources/Binary-PreQualIngredienta3K3X000006Mii6UACIng1.json	206	-	0	0	0	0	0	0	0	0	0	0	0	0	0	0	0	0	0	0	2	2	0	0	0	0	0	0
/fsh-generated/resources/Binary-PreQualIngredienta3K3X000006Mii6UACIng2.json	206	-	0	0	0	0	0	0	0	0	0	0	0	0	0	0	0	0	0	0	3	2	0	0	0	0	0	0
/fsh-generated/resources/Binary-PreQualIngredienta3K3X000006Mii7UACIng1.json	221	-	0	0	0	0	0	0	0	0	0	0	0	0	0	0	0	0	0	0	2	2	0	0	0	0	0	0
/fsh-generated/resources/Binary-PreQualIngredienta3K3X000006Mii8UACIng1.json	221	-	0	0	0	0	0	0	0	0	0	0	0	0	0	0	0	0	0	0	2	2	0	0	0	0	0	0
/fsh-generated/resources/Binary-PreQualIngredienta3K3X000006Mii8UACIng2.json	206	-	0	0	0	0	0	0	0	0	0	0	0	0	0	0	0	0	0	0	2	2	0	0	0	0	0	0
/fsh-generated/resources/Binary-PreQualIngredienta3K3X000006Mii8UACIng3.json	206	-	0	0	0	1	0	0	0	0	0	0	0	0	0	0	0	0	0	0	3	2	0	0	0	0	0	0
/fsh-generated/resources/Binary-PreQualIngredienta3K3X000006Mii9UACIng1.json	221	-	0	0	0	0	0	0	0	0	0	0	0	0	0	0	0	0	0	0	2	2	0	0	0	0	0	0
/fsh-generated/resources/Binary-PreQualIngredienta3K3X000006Mii9UACIng2.json	206	-	0	0	0	0	0	0	0	0	0	0	0	0	0	0	0	0	0	0	3	2	0	0	0	0	0	0
/fsh-generated/resources/Binary-PreQualIngredienta3K3X000006Mii9UACIng3.json	206	-	0	0	0	0	0	0	0	0	0	0	0	0	0	0	0	0	0	0	3	2	0	0	0	0	0	0
/fsh-generated/resources/Binary-PreQualIngredienta3K3X000006MiiAUASIng1.json	221	-	0	0	0	0	0	0	0	0	0	0	0	0	0	0	0	0	0	0	2	1	0	0	0	0	0	0
/fsh-generated/resources/Binary-PreQualIngredienta3K3X000006MiiAUASIng2.json	206	-	0	0	0	0	0	0	0	0	0	0	0	0	0	0	0	0	0	0	3	2	0	0	0	0	0	0
/fsh-generated/resources/Binary-PreQualIngredienta3K3X000006MiiAUASIng3.json	206	-	0	0	0	0	0	0	0	0	0	0	0	0	0	0	0	0	0	0	3	2	0	0	0	0	0	0
/fsh-generated/resources/Binary-PreQualIngredienta3K3X000006MiiBUASIng1.json	222	-	0	0	0	0	0	0	0	0	0	0	0	0	0	0	0	0	0	0	2	2	0	0	0	0	0	0
/fsh-generated/resources/Binary-PreQualIngredienta3K3X000006MiiBUASIng2.json	206	-	0	0	0	0	0	0	0	0	0	0	0	0	0	0	0	0	0	0	3	2	0	0	0	0	0	0
/fsh-generated/resources/Binary-PreQualIngredienta3K3X000006MiiBUASIng3.json	206	-	0	0	0	0	0	0	0	0	0	0	0	0	0	0	0	0	0	0	2	2	0	0	0	0	0	0
/fsh-generated/resources/Binary-PreQualIngredienta3K3X000006MiiBUASIng4.json	206	-	0	0	1	0	0	0	0	0	0	0	0	0	0	0	0	0	0	0	3	1	0	0	0	0	0	0
/fsh-generated/resources/Binary-PreQualIngredienta3K3X000006MiiBUASIng5.json	206	-	0	0	0	0	0	0	0	0	0	0	0	0	0	0	0	0	0	0	3	2	0	0	0	0	0	0
/fsh-generated/resources/Binary-PreQualIngredienta3K3X000006MiiCUASIng1.json	222	-	0	0	0	0	0	0	0	1	0	0	0	0	0	0	0	0	0	0	2	1	0	0	0	0	0	0
/fsh-generated/resources/Binary-PreQualIngredienta3K3X000006MiiCUASIng2.json	206	-	0	0	0	0	0	0	0	0	0	0	0	0	0	0	0	0	0	0	2	1	0	0	0	0	0	0
/fsh-generated/resources/Binary-PreQualIngredienta3K3X000006MiiDUASIng1.json	222	-	0	0	0	0	0	0	0	0	0	0	0	0	0	0	0	0	0	0	2	2	0	0	0	0	0	0
/fsh-generated/resources/Binary-PreQualIngredienta3K3X000006MiiDUASIng2.json	206	-	0	0	0	0	0	0	0	0	0	0	0	0	0	0	0	0	0	0	3	1	0	0	0	0	0	0
/fsh-generated/resources/Binary-PreQualIngredienta3K3X000006MiiEUASIng1.json	207	-	0	0	0	0	0	0	0	0	0	0	0	0	0	0	0	0	0	0	2	2	0	0	0	0	0	0
/fsh-generated/resources/Binary-PreQualIngredienta3K3X000006MiiEUASIng2.json	206	-	0	0	0	0	0	0	0	0	0	0	0	0	0	0	0	0	0	0	2	1	0	0	0	0	0	0
/fsh-generated/resources/Binary-PreQualIngredienta3K3X000006MiiEUASIng3.json	206	-	0	0	0	0	0	0	0	0	0	0	0	0	0	0	0	0	0	0	3	2	0	0	0	0	0	0
/fsh-generated/resources/Binary-PreQualIngredienta3K3X000006MiiFUASIng1.json	221	-	0	0	0	0	0	0	1	0	0	0	0	0	0	0	0	0	0	0	2	1	0	0	0	0	0	0
/fsh-generated/resources/Binary-PreQualIngredienta3K3X000006MiiFUASIng2.json	206	-	0	0	0	0	0	0	0	0	0	0	0	0	0	0	0	0	0	0	2	1	0	0	0	0	0	0
/fsh-generated/resources/Binary-PreQualIngredienta3K3X000006MiiGUASIng1.json	207	-	0	0	0	0	0	0	0	0	0	0	0	0	0	0	0	0	0	0	2	2	0	0	0	0	0	0
/fsh-generated/resources/Binary-PreQualIngredienta3K3X000006MiiGUASIng2.json	206	-	0	0	0	0	0	0	0	0	0	0	0	0	0	0	0	0	0	0	3	2	0	0	0	0	0	0
/fsh-generated/resources/Binary-PreQualIngredienta3K3X000006MiiGUASIng3.json	206	-	0	0	0	0	0	0	0	0	0	0	0	0	0	0	0	0	0	0	2	1	0	0	0	0	0	0
/fsh-generated/resources/Binary-PreQualIngredienta3K3X000006MiiHUASIng1.json	207	-	0	0	0	0	0	0	0	0	0	0	0	0	0	0	0	0	0	0	2	2	0	0	0	0	0	0
/fsh-generated/resources/Binary-PreQualIngredienta3K3X000006MiiHUASIng2.json	206	-	0	0	0	0	0	0	0	0	0	0	0	0	0	0	0	0	0	0	2	1	0	0	0	0	0	0
/fsh-generated/resources/Binary-PreQualIngredienta3K3X000006MiiHUASIng3.json	206	-	0	0	0	0	0	0	0	0	0	0	0	0	0	0	0	0	0	0	2	2	0	0	0	0	0	1
/fsh-generated/resources/Binary-PreQualIngredienta3K3X000006MiiHUASIng4.json	206	-	0	0	0	0	0	0	0	0	0	0	0	0	0	0	0	0	0	0	2	2	0	0	0	0	0	0
/fsh-generated/resources/Binary-PreQualIngredienta3K3X000006MiiIUASIng1.json	207	-	0	0	1	0	0	0	0	0	0	0	0	0	0	0	0	0	0	0	3	2	0	0	0	0	0	0
/fsh-generated/resources/Binary-PreQualIngredienta3K3X000006MiiIUASIng2.json	206	-	0	0	0	0	0	0	0	0	0	0	0	0	0	0	0	0	0	0	2	2	0	0	0	0	0	0
/fsh-generated/resources/Binary-PreQualIngredienta3K3X000006MiiIUASIng3.json	206	-	0	0	0	0	0	0	0	0	0	0	0	0	0	0	0	0	0	0	2	1	0	0	0	0	0	0
/fsh-generated/resources/Binary-PreQualIngredienta3K3X000006MiiIUASIng4.json	206	-	0	0	0	0	0	0	0	0	0	0	0	0	0	0	0	0	0	0	2	2	0	0	0	0	0	0
/fsh-generated/resources/Binary-PreQualIngredienta3K3X000006MiiJUASIng1.json	207	-	0	0	0	0	0	0	0	0	0	0	0	0	0	0	0	0	0	0	2	2	0	0	0	0	0	0
/fsh-generated/resources/Binary-PreQualIngredienta3K3X000006MiiJUASIng2.json	206	-	0	0	0	0	0	0	0	0	0	0	0	0	0	0	0	0	0	0	3	2	0	0	0	0	0	0
/fsh-generated/resources/Binary-PreQualIngredienta3K3X000006MiiJUASIng3.json	206	-	0	0	0	0	0	0	0	0	0	0	0	0	0	0	0	0	0	0	3	2	0	0	0	0	0	0
/fsh-generated/resources/Binary-PreQualIngredienta3K3X000006MiiJUASIng4.json	206	-	0	0	0	0	0	0	0	0	0	0	0	0	0	0	0	0	0	0	3	2	0	0	0	0	0	0
/fsh-generated/resources/Binary-PreQualIngredienta3K3X000006MiiKUASIng1.json	207	-	0	0	0	0	0	0	0	0	0	0	0	0	0	0	0	0	0	0	2	2	0	0	0	0	0	0
/fsh-generated/resources/Binary-PreQualIngredienta3K3X000006MiiKUASIng2.json	206	-	0	0	0	0	0	0	0	1	0	0	0	0	0	0	0	0	0	0	2	2	0	0	0	0	0	0
/fsh-generated/resources/Binary-PreQualIngredienta3K3X000006MiiKUASIng3.json	206	-	0	0	0	0	0	0	0	0	0	0	0	0	0	0	0	0	0	0	2	2	0	0	0	0	0	0
/fsh-generated/resources/Binary-PreQualIngredienta3K3X000006MiiKUASIng4.json	206	-	0	0	0	0	1	0	0	0	0	0	0	0	0	0	0	0	0	0	2	2	0	0	0	0	0	0
/fsh-generated/resources/Binary-PreQualIngredienta3K3X000006MiiLUASIng1.json	207	-	0	0	0	0	0	0	0	0	0	0	0	0	0	0	0	0	0	0	2	2	0	0	0	0	0	0
/fsh-generated/resources/Binary-PreQualIngredienta3K3X000006MiiMUASIng1.json	207	-	0	0	0	0	0	0	0	0	0	0	0	0	0	0	0	0	0	0	3	2	0	0	0	0	0	0
/fsh-generated/resources/Binary-PreQualIngredienta3K3X000006MiiMUASIng2.json	206	-	0	0	0	0	0	0	0	0	0	0	0	0	0	0	0	0	0	0	2	2	0	0	0	0	0	0
/fsh-generated/resources/Binary-PreQualIngredienta3K3X000006MiiNUASIng1.json	221	-	0	0	0	0	0	0	0	0	0	0	0	0	0	0	0	0	0	0	3	2	0	0	0	0	0	0
/fsh-generated/resources/Binary-PreQualIngredienta3K3X000006MiiNUASIng2.json	206	-	0	0	1	0	0	0	0	0	0	0	0	0	0	0	0	0	0	0	2	1	0	0	0	0	0	0
/fsh-generated/resources/Binary-PreQualIngredienta3K3X000006MiiNUASIng3.json	206	-	0	0	0	0	0	0	0	0	0	0	0	0	0	0	0	0	0	0	2	2	0	0	0	0	0	0
/fsh-generated/resources/Binary-PreQualIngredienta3K3X000006MiiNUASIng4.json	206	-	0	0	0	0	0	0	0	0	0	0	0	0	0	0	0	0	0	0	3	2	0	0	0	0	0	0
/fsh-generated/resources/Binary-PreQualIngredienta3K3X000006MiiOUASIng1.json	221	-	0	0	0	0	0	0	0	0	0	0	0	0	0	0	0	0	0	0	2	2	0	0	0	0	0	0
/fsh-generated/resources/Binary-PreQualIngredienta3K3X000006MiiOUASIng2.json	206	-	0	0	0	0	0	0	0	0	0	0	0	0	0	0	0	0	0	0	2	1	0	0	0	0	0	0
/fsh-generated/resources/Binary-PreQualIngredienta3K3X000006MiiOUASIng3.json	206	-	0	0	0	0	0	0	0	0	0	0	0	0	0	0	0	0	0	0	3	2	0	0	0	0	0	0
/fsh-generated/resources/Binary-PreQualIngredienta3K3X000006MiiOUASIng4.json	206	-	0	0	0	0	0	0	0	0	0	0	0	0	0	0	0	0	0	0	2	2	0	0	0	0	0	0
/fsh-generated/resources/Binary-PreQualManufacturer0013X0000498p4LQAQ.json	582	-	0	0	0	0	0	0	0	0	0	0	0	0	0	0	0	0	0	0	3	2	0	0	0	0	0	0
/fsh-generated/resources/Binary-PreQualManufacturer0013X0000498p2jQAA.json	603	-	0	0	0	0	0	0	0	0	0	0	0	0	0	0	0	0	0	0	3	2	0	0	0	0	0	0
/fsh-generated/resources/Binary-PreQualManufacturer0013X0000498p2qQAA.json	550	-	0	0	0	0	0	0	0	0	0	0	0	0	0	0	0	0	0	0	3	1	0	0	0	0	0	0
/fsh-generated/resources/Binary-PreQualManufacturer0013X0000498p3gQAA.json	560	-	0	0	0	0	0	0	0	0	0	0	0	0	0	0	0	0	0	0	3	2	0	0	0	0	0	0
/fsh-generated/resources/Binary-PreQualManufacturer0013X0000498p2wQAA.json	578	-	0	0	0	0	0	0	0	0	0	0	0	0	0	0	0	0	0	0	4	2	0	0	0	0	0	0
/fsh-generated/resources/Binary-PreQualManufacturer0013X000049bJ9SQAU.json	532	-	0	0	0	0	0	0	1	0	0	0	0	0	0	0	0	0	0	0	3	2	0	0	0	0	0	0
/fsh-generated/resources/Binary-PreQualManufacturer0013X0000498p4ZQAQ.json	557	-	0	0	0	0	0	0	0	0	0	0	0	0	0	0	0	0	0	0	3	2	0	0	0	0	0	0
/fsh-generated/resources/Binary-PreQualManufacturer0013X00004993qnQAA.json	578	-	0	0	1	0	0	0	0	0	0	0	0	0	0	0	0	0	0	0	3	1	0	0	0	0	0	0
/fsh-generated/resources/Binary-PreQualManufacturer0013X0000498p3PQAQ.json	588	-	0	0	0	0	0	0	0	0	0	0	0	0	0	0	0	0	0	0	3	2	0	0	0	0	0	0
/fsh-generated/resources/Binary-PreQualManufacturer0013X00003cPkzfQAC.json	634	-	0	0	0	0	0	0	0	0	0	0	0	0	0	0	0	0	0	0	3	2	0	0	0	0	0	0
/fsh-generated/resources/Binary-PreQualManufacturer0013X0000498p3ZQAQ.json	567	-	0	0	0	0	0	0	0	0	0	0	0	0	0	0	0	0	0	0	2	2	0	0	0	0	0	0
/fsh-generated/resources/Binary-PreQualNRA0013X0000498p4bQAA.json	438	-	0	0	0	0	0	0	0	0	0	0	0	0	0	0	0	0	0	0	3	2	0	0	0	0	0	0
/fsh-generated/resources/Binary-PreQualNRA0013X00003cPkgXQAS.json	382	-	0	0	0	0	0	0	0	0	0	0	0	0	0	0	0	0	0	0	3	2	0	0	0	0	0	0
/fsh-generated/resources/Binary-PreQualNRA0013X0000498p4fQAA.json	409	-	0	0	0	0	0	0	0	1	0	0	0	0	0	0	0	0	0	0	2	1	0	0	0	0	0	0
/fsh-generated/resources/Binary-PreQualNRA0013X0000498p67QAA.json	418	-	0	0	0	0	0	0	0	0	0	0	0	0	0	0	0	0	0	0	4	2	0	1	1	0	0	0
/fsh-generated/resources/Binary-PreQualNRA0013X00004993qyQAA.json	427	-	0	0	0	0	0	0	0	0	0	0	0	0	0	0	0	0	0	0	3	2	0	0	0	0	0	0
/fsh-generated/resources/Binary-PreQualNRA0013X0000498p53QAA.json	365	-	0	0	0	0	0	0	0	0	0	0	0	0	0	0	0	0	0	0	3	2	0	0	0	0	0	0
/fsh-generated/resources/Binary-PreQualNRA0013X0000498p4wQAA.json	425	-	0	0	0	0	0	0	0	0	0	0	0	0	0	0	0	0	0	0	3	2	0	0	0	0	0	0
/fsh-generated/resources/Binary-PreQualNRA0013X0000498p4mQAA.json	421	-	0	0	1	0	0	0	0	0	0	0	0	0	0	0	0	0	0	0	4	2	0	0	0	0	0	0
/fsh-generated/resources/Binary-PreQualPackaginga3H3X000001VaaIUAS.json	367	-	0	0	0	0	0	0	0	0	0	0	0	0	0	0	0	0	0	0	3	1	0	0	0	0	0	0
/fsh-generated/resources/Binary-PreQualPackaginga3H3X000001VaaJUAS.json	367	-	0	0	0	0	0	0	0	0	0	0	0	0	0	0	0	0	0	0	3	2	0	0	0	0	0	0
/fsh-generated/resources/Binary-PreQualPackaginga3H3X000001VaaKUAS.json	367	-	0	0	0	0	0	0	0	0	0	0	0	0	0	0	0	0	0	0	3	2	0	0	0	0	0	0
/fsh-generated/resources/Binary-PreQualPackaginga3H3X000001VabbUAC.json	464	-	0	0	0	0	0	0	0	0	0	0	0	0	0	0	0	0	0	0	4	2	0	0	0	0	0	0
/fsh-generated/resources/Binary-PreQualPackaginga3H3X000001VaaHUAS.json	367	-	0	0	0	0	0	0	0	0	0	0	0	0	0	0	0	0	0	0	4	2	0	0	0	0	0	0
/fsh-generated/resources/Binary-PreQualPackaginga3H3X000001Vab7UAC.json	502	-	0	0	0	0	0	0	0	0	0	0	0	0	0	0	0	0	0	0	3	1	0	0	0	0	0	0
/fsh-generated/resources/Binary-PreQualPackaginga3H3X000001Vab3UAC.json	499	-	0	0	0	0	0	0	0	0	0	0	0	0	0	0	0	0	0	0	3	2	0	0	0	0	0	0
/fsh-generated/resources/Binary-PreQualPackaginga3H3X000001VaaNUAS.json	470	-	0	0	0	0	0	0	0	0	0	0	0	0	0	0	0	0	0	0	3	2	0	0	0	0	0	0
/fsh-generated/resources/Binary-PreQualPackaginga3H3X000001VaaLUAS.json	501	-	0	0	0	0	0	0	0	0	0	0	0	0	0	0	0	0	0	0	3	2	0	0	0	0	0	0
/fsh-generated/resources/Binary-PreQualPackaginga3H3X000001Vab1UAC.json	497	-	0	0	0	0	0	0	0	0	0	0	0	0	0	0	0	0	0	0	4	2	0	0	0	0	0	0
/fsh-generated/resources/Binary-PreQualPackaginga3H3X000001Vab5UAC.json	497	-	0	0	0	0	0	0	0	0	0	0	0	0	0	0	0	0	0	0	3	2	0	0	0	0	0	0
/fsh-generated/resources/Binary-PreQualPackaginga3H3X000001VaanUAC.json	458	-	0	0	0	0	0	0	0	0	0	0	0	0	0	0	0	1	0	0	3	2	0	1	0	0	0	0
/fsh-generated/resources/Binary-PreQualPackaginga3H3X000001VaamUAC.json	472	-	0	0	1	0	0	0	0	0	0	0	0	0	0	0	0	0	0	0	3	1	0	0	0	0	0	0
/fsh-generated/resources/Binary-PreQualPackaginga3H3X000001VaaeUAC.json	494	-	0	0	0	0	0	0	0	0	0	0	0	0	0	0	0	0	0	0	3	2	0	0	0	0	0	0
/fsh-generated/resources/Binary-PreQualPackaginga3H3X000001VaawUAC.json	494	-	0	0	0	0	0	0	0	0	0	0	0	0	0	0	0	0	0	0	3	2	0	0	0	0	0	0
/fsh-generated/resources/Binary-PreQualPackaginga3H3X000001VaaaUAC.json	492	-	0	0	0	0	0	0	0	0	0	0	0	0	0	0	0	0	0	0	3	2	0	0	0	0	0	0
/fsh-generated/resources/Binary-PreQualPackaginga3H3X000001VaacUAC.json	497	-	0	0	0	0	0	0	0	0	0	0	0	0	0	0	0	0	0	0	3	2	0	0	0	0	0	0
/fsh-generated/resources/Binary-PreQualPackaginga3H3X000001VaauUAC.json	491	-	0	0	0	0	0	0	0	0	0	0	0	0	0	0	0	0	0	0	4	2	0	0	0	0	0	0
/fsh-generated/resources/Binary-PreQualPackaginga3H3X000001VaayUAC.json	491	-	0	0	0	0	0	0	0	0	0	0	0	0	0	0	0	0	0	0	3	2	0	0	0	0	0	0
/fsh-generated/resources/Binary-PreQualPackaginga3HNN0000007wYk2AI.json	453	-	0	0	0	0	0	0	0	1	0	0	0	0	0	0	0	0	0	0	3	2	0	0	0	0	0	0
/fsh-generated/resources/Binary-PreQualPackaginga3H3X000001VaalUAC.json	470	-	0	0	0	0	0	0	0	0	0	0	0	0	0	0	0	0	0	0	3	1	0	0	0	0	0	0
/fsh-generated/resources/Binary-PreQualPackaginga3H3X000001Vab0UAC.json	484	-	0	0	0	0	0	0	0	0	0	0	0	0	0	0	0	0	0	0	2	2	0	0	0	0	0	0
/fsh-generated/resources/Binary-PreQualPackaginga3H3X000001VaasUAC.json	478	-	0	0	1	0	0	0	0	0	0	0	0	0	0	0	0	0	0	0	3	2	0	0	0	0	0	0
/fsh-generated/resources/Binary-PreQualPackaginga3H3X000001VaapUAC.json	509	-	0	0	0	0	0	0	1	0	0	0	0	0	0	0	0	0	0	0	3	2	0	0	0	0	0	0
/fsh-generated/resources/Binary-PreQualPackaginga3H3X000001VaaEUAS.json	461	-	0	0	0	0	0	0	0	0	0	0	0	0	0	0	0	0	0	0	3	1	0	0	0	0	0	0
/fsh-generated/resources/Binary-PreQualPackaginga3H3X000001VaaQUAS.json	476	-	0	0	0	0	0	0	0	0	0	0	0	0	0	0	0	0	0	0	3	2	0	0	0	0	0	0
/fsh-generated/resources/Binary-PreQualPackaginga3H3X000001VaaXUAS.json	483	-	0	0	0	0	0	0	0	0	0	0	0	0	0	0	0	0	0	0	3	2	0	0	0	0	0	0
/fsh-generated/resources/Binary-PreQualPackaginga3H3X000001VabDUAS.json	469	-	0	0	0	0	0	0	0	0	0	0	0	0	0	0	0	0	0	0	3	2	0	0	0	0	0	0
/fsh-generated/resources/Binary-PreQualPackaginga3H3X000001VabBUAS.json	471	-	0	0	0	0	0	0	0	0	0	0	0	0	0	0	0	0	0	0	2	2	0	0	0	0	0	0
/fsh-generated/resources/Binary-PreQualPackaginga3H3X000001VabPUAS.json	473	-	0	0	0	0	0	0	0	0	0	0	0	0	0	0	0	0	0	0	3	1	0	0	0	0	0	0
/fsh-generated/resources/Binary-PreQualPackaginga3H3X000001VabJUAS.json	469	-	0	0	0	0	0	0	0	0	0	0	0	0	0	0	0	0	0	0	3	2	0	0	0	0	0	0
/fsh-generated/resources/Binary-PreQualPackaginga3H3X000001VabXUAS.json	469	-	0	0	0	0	0	0	0	0	0	0	0	0	0	0	0	0	0	0	2	2	0	0	0	0	0	0
/fsh-generated/resources/Binary-PreQualPackaginga3H3X000001VabGUAS.json	469	-	0	0	1	0	0	0	0	0	0	0	0	0	0	0	0	0	0	0	3	2	0	0	0	0	0	0
/fsh-generated/resources/Binary-PreQualPackaginga3H3X000001VabMUAS.json	469	-	0	0	0	0	0	0	0	0	0	0	0	0	0	0	0	0	0	0	3	2	0	0	0	0	0	0
/fsh-generated/resources/Binary-PreQualPackaginga3H3X000001VabSUAS.json	469	-	0	0	0	0	0	0	0	0	0	0	0	0	0	0	0	0	0	0	3	1	0	0	0	0	0	0
/fsh-generated/resources/Binary-PreQualPackaginga3H3X000001VaaGUAS.json	463	-	0	0	0	0	0	0	0	0	0	0	0	0	0	0	0	0	0	0	3	2	0	0	0	0	0	0
/fsh-generated/resources/Binary-PreQualPackaginga3H3X000002OBWgUAO.json	445	-	0	0	0	0	0	0	0	0	0	0	0	0	0	0	0	0	0	0	3	2	0	0	0	0	0	0
/fsh-generated/resources/Binary-PreQualPackaginga3H3X000001VabZUAS.json	475	-	0	0	0	0	0	0	0	0	0	0	0	0	0	0	0	0	0	0	2	2	0	0	0	0	0	0
/fsh-generated/resources/Binary-PreQualPackaginga3H3X000001VaaFUAS.json	460	-	0	0	0	0	0	0	0	0	0	0	0	0	0	0	0	0	0	0	4	1	0	0	0	0	0	0
/fsh-generated/resources/Binary-PreQualPackaginga3H3X000001VaaYUAS.json	464	-	0	0	0	0	0	0	0	0	0	0	0	0	0	0	0	0	0	0	3	2	0	0	0	0	0	0
/fsh-generated/resources/Binary-PreQualPackaginga3H3X000001VaaoUAC.json	489	-	0	0	0	0	0	0	0	0	0	0	0	0	0	0	0	0	0	0	2	2	0	0	0	0	0	0
/fsh-generated/resources/Binary-PreQualPackaginga3H3X000001VaajUAC.json	481	-	0	0	0	0	0	0	0	0	0	0	0	0	0	0	0	0	0	0	3	2	0	0	0	0	0	0
/fsh-generated/resources/Binary-PreQualPackaginga3H3X000001VaaBUAS.json	472	-	0	0	1	0	0	0	0	0	0	0	0	0	0	0	0	0	0	0	4	2	0	0	0	0	0	0
/fsh-generated/resources/Binary-PreQualPackaginga3H3X000001VaaCUAS.json	475	-	0	0	0	0	0	0	0	0	0	0	0	0	0	0	0	0	0	0	3	2	0	0	0	0	0	0
/fsh-generated/resources/Binary-PreQualPackaginga3H3X000001VaaPUAS.json	485	-	0	0	0	0	0	0	0	1	0	0	0	0	0	0	0	0	0	0	3	2	0	0	0	0	0	0
/fsh-generated/resources/Binary-PreQualPackaginga3H3X000001VaarUAC.json	489	-	0	0	0	0	0	0	0	0	0	0	0	0	0	0	0	0	0	0	3	1	0	0	0	0	0	0
/fsh-generated/resources/Binary-PreQualPackaginga3H3X000001VaadUAC.json	487	-	0	0	0	0	0	0	0	0	0	0	0	0	0	0	0	0	0	0	3	2	0	0	0	0	0	0
/fsh-generated/resources/Binary-PreQualPackaginga3H3X000001VaavUAC.json	487	-	0	0	0	0	0	0	0	0	0	0	0	0	0	0	0	0	0	0	3	2	0	0	0	0	0	0
/fsh-generated/resources/Binary-PreQualPackaginga3H3X000001VaaZUAS.json	486	-	0	0	0	0	0	0	0	0	0	0	0	0	0	0	0	0	0	0	2	2	0	0	0	0	0	0
/fsh-generated/resources/Binary-PreQualPackaginga3H3X000001VaaqUAC.json	499	-	0	0	0	0	0	0	0	0	0	0	0	0	0	0	0	0	0	0	3	2	0	0	0	0	0	0
/fsh-generated/resources/Binary-PreQualPackaginga3H3X000001VaatUAC.json	488	-	0	0	0	0	0	0	0	0	0	0	0	0	0	0	0	0	0	0	4	1	0	0	0	0	0	0
/fsh-generated/resources/Binary-PreQualPackaginga3H3X000001VaaxUAC.json	488	-	0	0	0	0	0	0	0	0	0	0	0	0	0	0	0	0	0	0	3	2	0	0	0	0	0	0
/fsh-generated/resources/Binary-PreQualPackaginga3H3X000001VaabUAC.json	486	-	0	0	1	0	0	0	0	0	0	0	0	0	0	0	0	0	0	0	4	2	0	0	0	0	0	0
/fsh-generated/resources/Binary-PreQualPackaginga3H3X000001VabTUAS.json	485	-	0	0	0	0	0	0	0	0	0	0	0	0	0	0	0	0	0	0	3	2	0	0	0	0	0	0
/fsh-generated/resources/Binary-PreQualPackaginga3H3X000001VaaWUAS.json	482	-	0	0	0	0	0	0	0	0	0	0	0	0	0	0	0	0	0	0	3	1	0	0	0	0	0	0
/fsh-generated/resources/Binary-PreQualPackaginga3H3X000001VaaVUAS.json	487	-	0	0	0	0	0	0	0	0	0	0	0	0	0	0	0	0	0	0	3	2	0	0	0	0	0	0
/fsh-generated/resources/Binary-PreQualPackaginga3H3X000001VabCUAS.json	484	-	0	0	0	0	0	0	0	0	0	0	0	0	0	0	0	0	0	0	3	2	0	0	0	0	0	0
/fsh-generated/resources/Binary-PreQualPackaginga3H3X000001VaazUAC.json	484	-	0	0	0	0	0	0	0	0	0	0	0	0	0	0	0	0	0	0	3	2	0	0	0	0	0	0
/fsh-generated/resources/Binary-PreQualPackaginga3H3X000001VabYUAS.json	482	-	0	0	0	0	0	0	0	0	0	0	0	0	0	0	0	0	0	0	3	2	0	0	0	0	0	0
/fsh-generated/resources/Binary-PreQualPackaginga3H3X000001VabRUAS.json	479	-	0	0	0	0	0	0	1	0	0	0	0	0	0	0	0	0	0	0	3	2	0	0	0	0	0	0
/fsh-generated/resources/Binary-PreQualPackaginga3H3X000001VabOUAS.json	479	-	0	0	0	0	0	0	0	0	0	0	0	0	0	0	0	0	0	0	2	2	0	0	0	0	0	0
/fsh-generated/resources/Binary-PreQualPackaginga3H3X000001VabFUAS.json	477	-	0	0	0	0	0	0	0	0	0	0	0	0	0	0	0	0	0	0	3	2	0	0	0	0	0	0
/fsh-generated/resources/Binary-PreQualPackaginga3H3X000001VabIUAS.json	478	-	0	0	1	0	0	0	0	0	0	0	0	0	0	0	0	0	0	0	4	2	0	0	0	0	0	0
/fsh-generated/resources/Binary-PreQualPackaginga3H3X000001VabLUAS.json	477	-	0	0	0	0	0	0	0	0	0	0	0	0	0	0	0	0	0	0	2	2	0	0	0	0	0	0
/fsh-generated/resources/Binary-PreQualPackaginga3H3X000001VabWUAS.json	478	-	0	0	0	0	0	0	0	0	0	0	0	0	0	0	0	0	0	0	3	2	0	0	0	0	0	0
/fsh-generated/resources/Binary-PreQualPackaginga3H3X000001VabAUAS.json	477	-	0	0	0	0	0	0	0	0	0	0	0	0	0	0	0	0	0	0	3	2	0	0	0	0	0	0
/fsh-generated/resources/Binary-PreQualPackaginga3H3X000001VaakUAC.json	497	-	0	0	0	0	0	0	0	0	0	0	0	0	0	0	0	0	0	0	3	2	0	0	0	0	0	0
/fsh-generated/resources/Binary-PreQualPackaginga3H3X000001VaaDUAS.json	475	-	0	0	0	0	0	0	0	0	0	0	0	0	0	0	0	0	0	0	3	2	0	0	0	0	0	0
/fsh-generated/resources/Binary-PreQualPackaginga3HNN0000007wYj2AI.json	486	-	0	0	0	0	0	0	0	0	0	0	0	0	0	0	0	0	0	0	3	2	0	0	0	0	0	0
/fsh-generated/resources/Binary-PreQualPackaginga3H3X000002OBWeUAO.json	485	-	0	0	0	0	0	0	0	2	0	0	0	0	0	0	0	0	0	0	3	1	0	0	0	0	0	0
/fsh-generated/resources/Binary-PreQualPackaginga3H3X000001VabaUAC.json	482	-	0	0	0	0	0	0	0	0	0	0	0	0	0	0	0	0	0	0	3	2	0	0	0	0	0	0
/fsh-generated/resources/Binary-PreQualPackaginga3H3X000001VabEUAS.json	491	-	0	0	0	0	0	0	0	0	0	0	0	0	0	0	0	0	0	0	2	2	0	0	0	0	0	0
/fsh-generated/resources/Binary-PreQualPackaginga3H3X000001VabKUAS.json	491	-	0	0	1	0	0	0	0	0	0	0	0	0	0	0	0	0	0	0	3	2	0	0	0	0	0	0
/fsh-generated/resources/Binary-PreQualPackaginga3H3X000001VabQUAS.json	490	-	0	0	0	0	0	0	0	0	0	0	0	0	0	0	0	0	0	0	2	2	0	0	0	0	0	0
/fsh-generated/resources/Binary-PreQualPackaginga3H3X000001Vab9UAC.json	490	-	0	0	0	0	0	0	0	0	0	0	0	0	0	0	0	0	0	0	3	2	0	0	0	0	0	0
/fsh-generated/resources/Binary-PreQualPackaginga3H3X000001VabHUAS.json	487	-	0	0	0	0	0	0	0	0	0	0	0	0	0	0	0	0	0	0	4	1	0	0	0	0	0	0
/fsh-generated/resources/Binary-PreQualPackaginga3H3X000001VabVUAS.json	487	-	0	0	0	0	0	0	0	0	0	0	0	0	0	0	0	0	0	0	3	2	0	0	0	0	0	0
/fsh-generated/resources/Binary-PreQualPackaginga3H3X000001VabNUAS.json	490	-	0	0	0	0	0	0	0	0	0	0	0	0	0	0	0	0	0	0	4	1	0	0	0	0	0	0
/fsh-generated/resources/Binary-PreQualPackaginga3H3X000001Vab4UAC.json	497	-	0	0	0	0	0	0	0	0	0	0	0	0	0	0	0	0	0	0	3	1	0	0	0	0	0	0
/fsh-generated/resources/Binary-PreQualPackaginga3H3X000001Vab8UAC.json	495	-	0	0	0	0	0	0	0	0	0	0	0	0	0	0	0	0	0	0	3	2	0	0	0	0	0	0
/fsh-generated/resources/Binary-PreQualPackaginga3H3X000001VaaOUAS.json	465	-	0	0	0	0	0	0	0	0	0	0	0	0	0	0	0	0	0	0	3	2	0	0	0	0	0	0
/fsh-generated/resources/Binary-PreQualPackaginga3H3X000001VaaMUAS.json	502	-	0	0	0	0	0	0	0	0	0	0	0	0	0	0	0	0	0	0	2	2	0	0	0	0	0	0
/fsh-generated/resources/Binary-PreQualPackaginga3H3X000001Vab2UAC.json	491	-	0	0	1	0	0	0	0	0	0	0	0	0	0	0	0	0	0	0	4	2	0	0	0	0	0	0
/fsh-generated/resources/Binary-PreQualPackaginga3H3X000001Vab6UAC.json	491	-	0	0	0	0	0	0	0	0	0	0	0	0	0	0	0	0	0	0	3	2	0	0	0	0	0	0
/fsh-generated/resources/Binary-PreQualPackaginga3HNN0000007wYl2AI.json	382	-	0	0	0	0	0	0	0	0	0	0	0	0	0	0	0	0	0	0	2	1	0	0	0	0	0	0
/fsh-generated/resources/Binary-PreQualPackaginga3H3X000002OBWfUAO.json	382	-	0	0	0	0	0	0	0	1	0	0	0	0	0	0	0	0	0	0	3	2	0	0	0	0	0	0
/fsh-generated/resources/Binary-PreQualPackaginga3H3X000001VabUUAS.json	385	-	0	0	0	0	0	0	0	0	0	0	0	0	0	0	0	0	0	0	2	2	0	0	0	0	0	0
/fsh-generated/resources/Binary-FinishedProducta3K3X000006MihxUAC.json	3494	-	0	0	0	0	0	0	0	0	0	0	0	0	0	0	0	0	0	0	9	2	0	0	0	0	0	0
/fsh-generated/resources/Binary-FinishedProducta3K3X000006MiiCUAS.json	3127	-	0	0	0	0	0	0	0	0	0	0	0	0	0	0	0	0	0	0	8	2	0	0	0	0	0	0
/fsh-generated/resources/Binary-FinishedProducta3K3X000006MiiDUAS.json	3133	-	0	0	0	0	0	0	0	0	0	0	0	0	0	0	0	0	0	0	8	2	0	0	0	0	0	0
/fsh-generated/resources/Binary-FinishedProducta3K3X000005atRtUAI.json	2592	-	0	0	0	0	0	0	0	0	0	0	0	0	0	0	0	0	0	0	7	2	0	0	0	0	0	0
/fsh-generated/resources/Binary-FinishedProducta3K3X000005atSwUAI.json	2407	-	0	0	0	0	0	0	0	0	0	0	0	0	0	0	0	0	0	0	7	2	0	0	0	0	0	0
/fsh-generated/resources/Binary-FinishedProducta3K3X000006MiiBUAS.json	3112	-	0	0	1	0	0	0	0	0	0	0	0	0	0	0	0	0	0	0	8	2	0	0	0	0	0	0
/fsh-generated/resources/Binary-FinishedProducta3K3X000006Mii3UAC.json	3051	-	0	0	0	0	0	0	0	0	0	0	0	0	0	0	0	0	0	0	8	3	0	0	0	0	0	0
/fsh-generated/resources/Binary-FinishedProducta3K3X000006Mii8UAC.json	3129	-	0	0	0	0	0	0	0	0	0	0	0	0	0	0	0	0	0	0	8	2	0	0	0	0	0	0
/fsh-generated/resources/Binary-FinishedProducta3K3X000006MiiNUAS.json	2869	-	0	0	0	0	0	0	0	0	0	0	0	0	0	0	0	0	0	0	7	2	0	0	0	0	0	0
/fsh-generated/resources/Binary-FinishedProducta3K3X000006MiiOUAS.json	3097	-	0	0	0	0	0	0	0	0	0	0	0	0	0	0	0	0	0	0	8	3	0	0	0	0	0	0
/fsh-generated/resources/Binary-FinishedProducta3K3X000006MihyUAC.json	2813	-	0	0	0	0	0	0	1	0	0	0	0	0	0	0	0	0	0	0	7	2	0	0	0	0	0	0
/fsh-generated/resources/Binary-FinishedProducta3K3X000006Mii7UAC.json	3019	-	0	0	0	0	0	0	0	0	0	0	0	0	0	0	0	0	0	0	19	2	0	0	0	0	0	0
/fsh-generated/resources/Binary-FinishedProducta3K3X000006Mii5UAC.json	2857	-	0	0	0	0	0	0	0	0	0	0	0	0	0	0	0	0	0	0	8	2	0	0	0	0	0	0
/fsh-generated/resources/Binary-FinishedProducta3K3X000006MiiLUAS.json	3165	-	0	0	0	0	0	0	0	0	0	0	0	0	0	0	0	0	0	0	8	2	0	0	0	0	0	0
/fsh-generated/resources/Binary-FinishedProducta3K3X000006MiiEUAS.json	3257	-	0	0	0	0	0	0	0	0	0	0	0	0	0	0	0	0	0	0	8	3	0	0	0	0	0	0
/fsh-generated/resources/Binary-FinishedProducta3K3X000006MiiGUAS.json	3441	-	0	0	1	0	0	0	0	0	0	0	0	0	0	0	0	0	0	0	9	2	0	0	0	0	0	0
/fsh-generated/resources/Binary-FinishedProducta3K3X000006MiiHUAS.json	3272	-	0	0	0	0	0	0	0	0	0	0	0	0	0	0	0	0	0	0	8	2	0	0	0	0	0	0
/fsh-generated/resources/Binary-FinishedProducta3K3X000006MiiIUAS.json	3456	-	0	0	0	0	0	0	0	0	0	0	0	0	0	0	0	0	0	0	9	2	0	0	0	0	0	0
/fsh-generated/resources/Binary-FinishedProducta3K3X000006MiiJUAS.json	3457	-	0	0	0	0	0	0	0	0	0	0	0	0	0	0	0	0	0	0	9	2	0	0	0	0	0	0
/fsh-generated/resources/Binary-FinishedProducta3K3X000006MiiKUAS.json	3456	-	0	0	0	0	0	0	0	0	0	0	0	0	0	0	0	0	0	0	8	2	0	0	0	0	0	0
/fsh-generated/resources/Binary-FinishedProducta3K3X000006MiiMUAS.json	3226	-	0	0	0	0	0	0	0	0	0	0	0	0	0	0	0	0	0	0	9	2	0	0	0	0	0	0
/fsh-generated/resources/Binary-FinishedProducta3K3X000006Mii6UAC.json	3071	-	0	0	0	0	0	0	0	0	0	0	0	0	0	0	0	0	0	0	8	2	0	0	0	0	0	0
/fsh-generated/resources/Binary-FinishedProducta3K3X000006MihtUAC.json	3040	-	0	0	0	0	0	0	0	0	0	0	0	0	0	0	0	0	0	0	9	2	0	0	0	0	0	0
/fsh-generated/resources/Binary-FinishedProducta3K3X000006Mii0UAC.json	2951	-	0	0	0	0	0	0	0	0	0	0	0	0	0	0	0	0	0	0	8	2	0	0	1	0	0	0
/fsh-generated/resources/Binary-FinishedProducta3K3X000006MihsUAC.json	2596	-	0	0	1	0	0	0	0	0	0	0	0	0	0	0	0	0	0	0	7	2	0	0	0	0	0	0
/fsh-generated/resources/Binary-FinishedProducta3K3X000006MihuUAC.json	2886	-	0	0	0	0	0	0	0	0	0	0	0	0	0	0	0	0	0	0	8	2	0	0	0	0	0	0
/fsh-generated/resources/Binary-FinishedProducta3K3X000006MihvUAC.json	2887	-	0	0	0	0	0	0	0	0	0	0	0	0	0	0	0	0	0	0	8	3	0	0	0	0	0	0
/fsh-generated/resources/Binary-FinishedProducta3K3X000006MihwUAC.json	2887	-	0	0	0	0	0	0	0	0	0	0	0	0	0	0	0	0	0	0	8	2	0	0	0	0	0	0
/fsh-generated/resources/Binary-FinishedProducta3K3X000006Mii9UAC.json	3088	-	0	0	0	0	0	0	0	0	0	0	0	0	0	0	0	0	0	0	8	2	0	0	0	0	0	0
/fsh-generated/resources/Binary-FinishedProducta3K3X000006MiiAUAS.json	3088	-	0	0	0	0	0	0	0	1	0	0	0	0	0	0	0	0	0	0	8	1	0	0	0	0	0	0
/fsh-generated/resources/Binary-FinishedProducta3K3X000006MiiFUAS.json	3043	-	0	0	0	0	0	0	0	0	0	0	0	0	0	0	0	0	0	0	8	2	0	0	0	0	0	0
/fsh-generated/resources/Binary-FinishedProducta3K3X000006Mii1UAC.json	3041	-	0	0	0	0	0	0	0	0	0	0	0	0	0	0	0	0	0	0	8	1	0	0	0	0	0	0
/fsh-generated/resources/Binary-FinishedProducta3K3X000006Mii2UAC.json	3041	-	0	0	0	0	0	0	0	0	0	0	0	0	0	0	0	0	0	0	8	2	0	0	0	0	0	0
/fsh-generated/resources/Binary-PreQualSite0013X0000498p4LQAQ.json	520	-	0	0	1	0	0	0	0	0	0	0	0	0	0	0	0	0	0	0	3	1	0	0	0	0	0	0
/fsh-generated/resources/Binary-PreQualSite0013X0000498p2jQAA.json	502	-	0	0	0	0	0	0	0	0	0	0	0	0	0	0	0	0	0	0	4	1	0	0	0	0	0	0
/fsh-generated/resources/Binary-PreQualSite0013X0000498p2qQAA.json	488	-	0	0	0	0	0	0	0	0	0	0	0	0	0	0	0	0	0	0	3	1	0	0	0	0	0	0
/fsh-generated/resources/Binary-PreQualSite0013X0000498p3gQAA.json	470	-	0	0	0	0	0	0	0	0	0	0	0	0	0	0	0	0	0	0	3	1	0	0	0	0	0	0
/fsh-generated/resources/Binary-PreQualSite0013X0000498p2wQAA.json	471	-	0	0	0	0	0	0	0	0	0	0	0	0	0	0	0	0	0	0	4	2	0	0	0	0	0	0
/fsh-generated/resources/Binary-PreQualSite0013X000049bJ9SQAU.json	431	-	0	0	0	0	0	0	0	0	0	0	0	0	0	0	0	0	0	0	2	1	0	0	0	0	0	0
/fsh-generated/resources/Binary-PreQualSite0013X0000498p4ZQAQ.json	453	-	0	0	0	0	0	0	0	0	0	0	0	0	0	0	0	0	0	0	4	1	0	0	0	0	0	0
/fsh-generated/resources/Binary-PreQualSite0013X00004993qnQAA.json	477	-	0	0	0	0	0	0	0	0	0	0	0	0	0	0	0	0	0	0	3	1	0	0	0	0	0	0
/fsh-generated/resources/Binary-PreQualSite0013X0000498p3IQAQ.json	442	-	0	0	0	0	0	0	0	0	0	0	0	0	0	0	0	0	0	0	3	2	0	0	0	0	0	0
/fsh-generated/resources/Binary-PreQualSite0013X0000498p3PQAQ.json	440	-	0	0	1	0	0	0	0	0	0	0	0	0	0	0	0	0	0	0	4	1	0	0	0	0	0	0
/fsh-generated/resources/Binary-PreQualSite0013X00003cPkzfQAC.json	524	-	0	0	0	0	0	0	0	0	0	0	0	0	0	0	0	0	0	0	4	1	0	0	0	0	0	0
/fsh-generated/resources/Binary-PreQualSite0013X0000498p3ZQAQ.json	465	-	0	0	0	0	0	0	0	0	0	0	0	0	0	0	0	0	0	0	3	1	0	0	0	0	0	0
/fsh-generated/resources/Binary-PreQualVaccinea3S3X000003cSogUAE.json	255	-	0	0	0	0	0	0	0	0	0	0	0	0	0	0	0	0	0	0	3	2	0	0	0	0	0	0
/fsh-generated/resources/Binary-PreQualVaccinea3S3X000003cSoiUAE.json	297	-	0	0	0	0	0	0	0	0	0	0	0	0	0	0	0	0	0	0	3	1	0	0	0	0	0	0
/fsh-generated/resources/Binary-PreQualVaccinea3S3X000003cSojUAE.json	292	-	0	0	0	0	0	0	0	0	0	0	0	0	0	0	0	0	1	0	3	1	0	0	0	0	0	0
/fsh-generated/resources/Binary-PreQualVaccinea3S3X000003cSokUAE.json	328	-	0	0	0	0	0	0	0	0	0	0	0	0	0	0	0	0	0	0	2	1	0	0	0	0	0	0
/fsh-generated/resources/Binary-PreQualVaccinea3S3X000003cSomUAE.json	318	-	0	0	0	0	0	0	0	0	0	0	0	0	0	0	0	0	0	0	3	2	0	0	0	0	0	0
/fsh-generated/resources/Binary-PreQualVaccinea3S3X000003cSpIUAU.json	286	-	0	0	0	0	0	0	1	0	0	0	0	0	0	0	0	0	0	0	2	1	0	0	0	0	0	0
/fsh-generated/resources/Binary-PreQualVaccinea3S3X000003cSpJUAU.json	286	-	0	0	1	0	0	0	0	0	0	0	0	0	0	0	0	0	0	0	4	1	0	0	0	0	0	0
/fsh-generated/resources/Binary-PreQualVaccinea3S3X000003cSpXUAU.json	313	-	0	0	0	0	0	0	0	0	0	0	0	0	0	0	0	0	0	0	3	2	0	0	0	0	0	0
/fsh-generated/resources/Binary-PreQualVaccinea3S3X000003cSpZUAU.json	284	-	0	0	0	0	0	0	0	0	0	0	0	0	0	0	0	0	0	0	3	2	0	0	0	0	0	0
/fsh-generated/resources/Binary-PreQualVaccinea3S3X000003cSpaUAE.json	311	-	0	0	0	0	0	0	0	0	0	0	0	0	0	0	0	0	0	0	3	2	0	0	0	0	0	0
/fsh-generated/resources/Binary-PreQualVaccinea3S3X000003cSpbUAE.json	303	-	0	0	0	0	0	0	0	0	0	0	0	0	0	0	0	0	0	0	3	2	0	0	0	0	0	0
/fsh-generated/resources/Binary-PreQualVaccinea3S3X000003cSpiUAE.json	322	-	0	0	0	0	0	0	0	0	0	0	0	0	0	0	0	0	0	0	3	2	0	0	0	0	0	0
/fsh-generated/resources/Binary-PreQualVaccinea3S3X000003cSpjUAE.json	325	-	0	0	0	0	0	0	0	0	0	0	0	0	0	0	0	0	0	0	2	2	0	0	0	0	0	0
/fsh-generated/resources/Binary-PreQualVaccinea3S3X000003cSpnUAE.json	283	-	0	0	0	0	0	0	0	0	0	0	0	0	0	0	0	0	0	0	2	2	0	0	0	0	0	0
/fsh-generated/resources/Binary-PreQualVaccinea3S3X000003cSpYUAU.json	295	-	0	0	1	0	0	0	0	1	0	0	0	0	0	0	0	0	0	0	3	1	0	0	0	0	0	0
/fsh-generated/resources/Binary-PreQualVaccinea3S3X000003cSpqUAE.json	277	-	0	0	0	0	0	0	0	0	0	0	0	0	0	0	0	0	0	0	2	2	0	0	0	0	0	0
/fsh-generated/resources/Binary-PreQualVaccinea3S3X000003cSpuUAE.json	289	-	0	0	0	0	0	0	0	0	0	0	0	0	0	0	0	0	0	0	2	2	0	0	0	0	0	0
/input/includes/dmn2html.xslt	6208	-	-	-	0	0	0	0	0	0	0	0	0	0	0	0	0	0	0	0	0	0	0	0	0	0	0	0
/fsh-generated/includes/menu.xml	4185	-	-	-	0	0	0	0	0	0	0	0	0	0	0	0	0	0	0	0	0	1	0	0	0	0	0	0
/fsh-generated/includes/fsh-link-references.md	42803	-	-	-	0	0	0	0	0	0	0	0	0	0	0	0	0	0	0	0	0	2	0	0	0	0	0	0
/input/pagecontent/StructureDefinition-PreQualVaccine.md	466	-	-	-	0	0	0	0	0	0	0	0	0	0	0	0	0	0	0	0	0	0	0	0	0	0	0	0
/input/pagecontent/transactions.md	325	-	-	-	0	0	0	0	0	0	0	0	0	0	0	0	0	0	0	0	0	0	0	0	0	0	0	0
/input/pagecontent/indicators.md	2558	-	-	-	0	0	0	0	0	0	0	0	0	0	0	0	0	0	0	0	0	0	0	0	0	0	0	0
/input/pagecontent/changes.md	75	-	-	-	0	0	0	0	0	0	0	0	0	0	0	0	0	0	0	0	0	0	0	0	0	0	0	0
/input/pagecontent/StructureDefinition-PreQualProductIngredient.md	306	-	-	-	0	0	0	0	0	0	0	0	0	0	0	0	0	0	0	0	0	1	0	0	0	0	0	0
/input/pagecontent/trust_domain.md	173	-	-	-	0	0	0	0	0	0	0	0	0	0	0	0	0	0	0	0	0	0	0	0	0	0	0	0
/input/pagecontent/scenarios.md	1058	-	-	-	0	0	0	0	0	0	0	0	0	0	0	0	0	0	0	0	0	0	0	0	0	0	0	0
/input/pagecontent/concepts.md	7110	-	-	-	0	0	0	0	0	0	0	0	0	0	0	0	0	0	0	0	0	0	0	0	0	0	0	0
/input/pagecontent/license.md	3787	-	-	-	0	0	0	0	0	0	0	0	0	0	0	0	0	0	0	0	0	1	0	0	0	0	0	0
/input/pagecontent/ValueSet-PreQualPresentation.md	221	-	-	-	0	0	0	0	0	0	0	0	0	0	0	0	0	0	0	0	0	0	0	0	0	0	0	0
/input/pagecontent/security-privacy.md	409	-	-	-	0	0	0	0	0	0	0	0	0	0	0	0	0	0	0	0	0	0	0	0	0	0	0	0
/input/pagecontent/StructureDefinition-PreQualManufacturer.md	326	-	-	-	0	0	0	0	0	0	0	0	0	0	0	0	0	0	0	0	0	0	0	0	0	0	0	0
/input/pagecontent/dependencies.md	917	-	-	-	0	0	0	0	0	0	0	0	0	0	0	0	0	0	0	0	0	0	0	0	0	0	0	0
/input/pagecontent/ValueSet-PreQualVaccineType.md	218	-	-	-	0	0	0	0	0	0	0	0	0	0	0	0	0	0	0	0	0	0	0	0	0	0	0	0
/input/pagecontent/StructureDefinition-PreQualSiteDetail.md	285	-	-	-	0	0	0	0	0	0	0	0	0	0	0	0	0	0	0	0	0	0	0	0	0	0	0	0
/input/pagecontent/functional-requirements.md	490	-	-	-	0	0	0	0	0	0	0	0	0	0	0	0	0	0	0	0	0	0	0	0	0	0	0	0
/input/pagecontent/indices.md	0	-	-	-	0	0	0	0	0	0	0	0	0	0	0	0	0	0	0	0	0	1	0	0	0	0	0	0
/input/pagecontent/personas.md	833	-	-	-	0	0	0	0	0	0	0	0	0	0	0	0	0	0	0	0	0	0	0	0	0	0	0	0
/input/pagecontent/StructureDefinition-PreQualDocumentDetail.md	287	-	-	-	0	0	0	0	0	0	0	0	0	0	0	0	0	0	0	0	0	0	0	0	0	0	0	0
/input/pagecontent/StructureDefinition-FinishedVaccineProducts.md	234	-	-	-	0	0	0	0	0	0	0	0	0	0	0	0	0	0	0	0	0	0	0	0	0	0	0	0
/input/pagecontent/index.md	141	-	-	-	0	0	0	0	0	0	0	0	0	0	0	0	0	0	0	0	0	0	0	0	0	0	0	0
/input/pagecontent/index-ig.md	4639	-	-	-	0	0	0	0	0	0	0	0	0	0	0	0	0	0	0	0	0	0	0	0	0	0	0	0
/input/pagecontent/trust_domain_policy.md	0	-	-	-	0	0	0	0	0	0	0	0	0	0	0	0	0	0	0	0	0	0	0	0	0	0	0	0
/input/pagecontent/dak-api.md	212	-	-	-	0	0	0	0	0	0	0	0	0	0	0	0	0	0	0	0	0	0	0	0	0	0	0	0
/input/pagecontent/business-process.md	11	-	-	-	0	0	0	0	0	0	0	0	0	0	0	0	0	0	0	0	0	1	0	0	0	0	0	0
/input/pagecontent/trust_domain_specifications.md	0	-	-	-	0	0	0	0	0	0	0	0	0	0	0	0	0	0	0	0	0	0	0	0	0	0	0	0
/input/pagecontent/prequal-data.md	2672	-	-	-	0	0	0	0	0	0	0	0	0	0	0	0	0	0	0	0	0	0	0	0	0	0	0	0
/input/pagecontent/sequence-diagrams.md	75	-	-	-	0	0	0	0	0	0	0	0	0	0	0	0	0	0	0	0	0	0	0	0	0	0	0	0
/input/pagecontent/codings.md	687	-	-	-	0	0	0	0	0	0	0	0	0	0	0	0	0	0	0	0	0	0	0	0	0	0	0	0
/input/pagecontent/business-requirements.md	1245	-	-	-	0	0	0	0	0	0	0	0	0	0	0	0	0	0	0	0	0	0	0	0	0	0	0	0
/input/pagecontent/StructureDefinition-PreQualBulkSupplier.md	309	-	-	-	0	0	0	0	0	0	0	0	0	0	0	0	0	0	0	0	0	0	0	0	0	0	0	0
/input/pagecontent/deployment.md	0	-	-	-	0	0	0	0	0	0	0	0	0	0	0	0	0	0	0	0	0	0	0	0	0	0	0	0
/input/pagecontent/ValueSet-PreQualDatabaseMetadata.md	271	-	-	-	0	0	0	0	0	0	0	0	0	0	0	0	0	0	0	0	0	1	0	0	0	0	0	0
/input/pagecontent/index-dak.md	2578	-	-	-	0	0	0	0	0	0	0	0	0	0	0	0	0	0	0	0	0	0	0	0	0	0	0	0
/input/pagecontent/reference-implementations.md	397	-	-	-	0	0	0	0	0	0	0	0	0	0	0	0	0	0	0	0	0	0	0	0	0	0	0	0
/input/pagecontent/maps.md	10	-	-	-	0	0	0	0	0	0	0	0	0	0	0	0	0	0	0	0	0	0	0	0	0	0	0	0
/input/pagecontent/indicators-measures.md	659	-	-	-	0	0	0	0	0	0	0	0	0	0	0	0	0	0	0	0	0	0	0	0	0	0	0	0
/input/pagecontent/dictionary.md	608	-	-	-	0	0	0	0	0	0	0	0	0	0	0	0	0	0	0	0	0	0	0	0	0	0	0	0
/input/pagecontent/downloads.md	963	-	-	-	0	0	0	0	0	0	0	0	0	0	0	0	0	0	0	0	0	0	0	0	0	0	0	0
/input/pagecontent/data-models-and-exchange.md	3567	-	-	-	0	0	0	0	0	0	0	0	0	0	0	0	0	0	0	0	0	1	0	0	0	0	0	0
/input/pagecontent/system-requirements.md	147	-	-	-	0	0	0	0	0	0	0	0	0	0	0	0	0	0	0	0	0	0	0	0	0	0	0	0
/input/pagecontent/non-functional-requirements.md	396	-	-	-	0	0	0	0	0	0	0	0	0	0	0	0	0	0	0	0	0	0	0	0	0	0	0	0
/input/pagecontent/StructureDefinition-PreQualProductPackaging.md	301	-	-	-	0	0	0	0	0	0	0	0	0	0	0	0	0	0	0	0	0	0	0	0	0	0	0	0
/input/pagecontent/business-processes.md	2200	-	-	-	0	0	0	0	0	0	0	0	0	0	0	0	0	0	0	0	0	0	0	0	0	0	0	0
/input/pagecontent/system-actors.md	1367	-	-	-	0	0	0	0	0	0	0	0	0	0	0	0	0	0	0	0	0	0	0	0	0	0	0	0
/input/pagecontent/ValueSet-PreQualProductIds.md	224	-	-	-	0	0	0	0	0	0	0	0	0	0	0	0	0	0	0	0	0	0	0	0	0	0	0	0
/input/pagecontent/testing.md	2622	-	-	-	0	0	0	0	0	0	0	0	0	0	0	0	0	0	0	0	0	1	0	0	0	0	0	0
/input/pagecontent/decision-logic.md	1135	-	-	-	0	0	0	0	0	0	0	0	0	0	0	0	0	0	0	0	0	0	0	0	0	0	0	0
/input/pagecontent/references.md	1722	-	-	-	0	0	0	0	0	0	0	0	0	0	0	0	0	0	0	0	0	0	0	0	0	0	0	0
/input/pagecontent/trust_domain_use_cases.md	0	-	-	-	0	0	0	0	0	0	0	0	0	0	0	0	0	0	0	0	0	0	0	0	0	0	0	0
/input/pagecontent/feedback.md	513	-	-	-	0	0	0	0	0	0	0	0	0	0	0	0	0	0	0	0	0	0	0	0	0	0	0	0
/input/pagecontent/StructureDefinition-PreQualNRA.md	309	-	-	-	0	0	0	0	0	0	0	0	0	0	0	0	0	0	0	0	0	0	0	0	0	0	0	0
/input/pagecontent/adapting.md	3653	-	-	-	0	0	0	0	0	0	0	0	0	0	0	0	0	0	0	0	0	0	0	0	0	0	0	0
/input/pagecontent/test-data.md	350	-	-	-	0	0	0	0	0	0	0	0	0	0	0	0	0	0	0	0	0	1	0	0	0	0	0	0
/template/config	0	-	-	-	0	0	0	0	0	0	0	0	0	0	0	0	0	0	0	0	0	0	0	0	0	0	0	0
/template/config/_config.yml	140	-	-	-	0	0	0	0	0	0	0	0	0	0	0	0	0	0	0	0	0	0	0	0	0	0	0	0
/temp/pages/_includes/artifacts.xml	181699	-	-	-	-	-	-	-	-	-	-	-	-	-	-	-	-	-	-	-	-	7	0	0	0	0	0	0
